,inside_18,first_touch,bodypart_Head,bodypart_Left Foot,bodypart_Other,bodypart_Right Foot,technique_Ground,technique_Volley,assist_Ground Pass,assist_High Pass,assist_Low Pass,assist_Unassisted,state_of_play_Open Play - Shot,state_of_play_Set Piece - Direct Free Kick,state_of_play_Set Piece - Penalty,time,shot_distance,shot_angle
0,0,0,0.0,0.0,0.0,1.0,1.0,0.0,1.0,0.0,0.0,0.0,1.0,0.0,0.0,-0.856605062434514,0.47955707590491636,-0.9694886186359006
1,0,1,0.0,0.0,0.0,1.0,1.0,0.0,0.0,0.0,0.0,1.0,1.0,0.0,0.0,-1.3459530118942304,0.948361492062134,-0.20283533910807633
2,0,0,0.0,1.0,0.0,0.0,1.0,0.0,1.0,0.0,0.0,0.0,1.0,0.0,0.0,-0.08762971328353077,0.18704991663464773,-0.3168283548281311
3,1,1,0.0,0.0,0.0,1.0,1.0,0.0,1.0,0.0,0.0,0.0,1.0,0.0,0.0,-0.22744341312916405,-0.6223122627131839,1.3066389269884677
4,1,0,1.0,0.0,0.0,0.0,1.0,0.0,0.0,1.0,0.0,0.0,1.0,0.0,0.0,1.5901346848640687,-1.6020918642408575,-0.6969964979348124
5,1,1,0.0,0.0,0.0,1.0,1.0,0.0,1.0,0.0,0.0,0.0,1.0,0.0,0.0,-1.0663256122029638,-0.470406115113573,0.19858087241997568
6,0,0,0.0,0.0,0.0,1.0,1.0,0.0,0.0,0.0,0.0,1.0,1.0,0.0,0.0,0.541531936021819,2.0268371814539767,0.5015094154543781
7,0,0,0.0,0.0,0.0,1.0,1.0,0.0,1.0,0.0,0.0,0.0,1.0,0.0,0.0,1.4503209850184355,1.2181722560276775,-1.092095716148403
8,0,0,0.0,0.0,0.0,1.0,1.0,0.0,0.0,0.0,0.0,1.0,1.0,0.0,0.0,-1.625580411585497,1.4446529918646964,-0.09372363640374186
9,1,1,0.0,0.0,0.0,1.0,1.0,0.0,1.0,0.0,0.0,0.0,1.0,0.0,0.0,0.33181138625336914,-0.6303914560109746,0.3941205291085332
10,1,0,1.0,0.0,0.0,0.0,1.0,0.0,0.0,1.0,0.0,0.0,1.0,0.0,0.0,1.3105072851728021,-1.34932305899273,0.4828455715707422
11,1,1,0.0,0.0,0.0,1.0,1.0,0.0,1.0,0.0,0.0,0.0,1.0,0.0,0.0,-0.2973502630519807,-0.628367592318951,2.090520370101187
12,1,0,0.0,1.0,0.0,0.0,1.0,0.0,0.0,0.0,0.0,1.0,1.0,0.0,0.0,0.6114387859446357,0.13641763488494077,-1.521364125472035
13,1,0,0.0,0.0,0.0,1.0,0.0,1.0,0.0,1.0,0.0,0.0,1.0,0.0,0.0,0.6114387859446357,0.9291382735768007,1.2538058919947899
14,1,0,1.0,0.0,0.0,0.0,1.0,0.0,0.0,1.0,0.0,0.0,1.0,0.0,0.0,-1.415859861817047,-0.6566963974023654,0.10784587753952914
15,1,0,0.0,1.0,0.0,0.0,0.0,1.0,0.0,0.0,0.0,1.0,1.0,0.0,0.0,-1.2760461619714139,-0.21729883795391883,0.8816775585610599
16,1,0,0.0,0.0,0.0,1.0,1.0,0.0,0.0,1.0,0.0,0.0,1.0,0.0,0.0,-1.415859861817047,-0.09047131800770927,-1.5885539634531252
17,1,0,1.0,0.0,0.0,0.0,1.0,0.0,0.0,1.0,0.0,0.0,1.0,0.0,0.0,0.8910661856359023,-1.0969564128118727,-0.11009039180939184
18,1,1,0.0,0.0,0.0,1.0,1.0,0.0,1.0,0.0,0.0,0.0,1.0,0.0,0.0,-0.2973502630519807,-0.8366908336793037,-1.0513223956641515
19,1,0,0.0,0.0,0.0,1.0,0.0,1.0,0.0,1.0,0.0,0.0,1.0,0.0,0.0,0.751252485790269,0.40549050547944987,1.632251218742982
20,0,0,0.0,1.0,0.0,0.0,1.0,0.0,1.0,0.0,0.0,0.0,1.0,0.0,0.0,0.19199768640773582,1.9225562132339697,0.8170719451177039
21,0,1,0.0,1.0,0.0,0.0,1.0,0.0,0.0,0.0,0.0,1.0,1.0,0.0,0.0,-0.2973502630519807,0.28145251246555986,-0.5924789721864498
22,1,1,0.0,1.0,0.0,0.0,0.0,1.0,0.0,0.0,0.0,1.0,1.0,0.0,0.0,1.380414135095619,-1.3682812744075747,-0.12416005873705589
23,1,1,0.0,1.0,0.0,0.0,1.0,0.0,1.0,0.0,0.0,0.0,1.0,0.0,0.0,-1.415859861817047,-0.9558351745885598,-1.3510924420413233
24,1,0,1.0,0.0,0.0,0.0,1.0,0.0,0.0,1.0,0.0,0.0,1.0,0.0,0.0,-1.0663256122029638,-1.5042727322344094,-0.038880648991826014
25,1,1,0.0,0.0,0.0,1.0,0.0,1.0,0.0,0.0,0.0,1.0,1.0,0.0,0.0,0.33181138625336914,-1.0011667300305347,0.7719915837372286
26,0,0,0.0,0.0,0.0,1.0,1.0,0.0,1.0,0.0,0.0,0.0,1.0,0.0,0.0,-0.2973502630519807,1.3176295051496192,0.6258393293253698
27,0,1,0.0,0.0,0.0,1.0,0.0,1.0,0.0,0.0,0.0,1.0,1.0,0.0,0.0,-0.5070708128204306,1.1579572435187149,1.155605359560889
28,1,1,0.0,1.0,0.0,0.0,1.0,0.0,1.0,0.0,0.0,0.0,1.0,0.0,0.0,-1.2061393120485973,-0.08140219596800945,-0.5942017885449394
29,0,0,0.0,1.0,0.0,0.0,1.0,0.0,1.0,0.0,0.0,0.0,1.0,0.0,0.0,1.2406004352499855,0.5559994522024034,0.8879945518755213
30,1,1,0.0,1.0,0.0,0.0,0.0,1.0,0.0,1.0,0.0,0.0,1.0,0.0,0.0,-1.2760461619714139,-0.7155867994718784,-1.898948044040982
31,0,0,0.0,0.0,0.0,1.0,1.0,0.0,1.0,0.0,0.0,0.0,1.0,0.0,0.0,-0.15753656320634743,1.8232432302051718,-0.6797683343499177
32,1,0,0.0,1.0,0.0,0.0,1.0,0.0,0.0,0.0,0.0,1.0,0.0,0.0,1.0,0.541531936021819,-0.6653793679035443,-0.05725735681571396
33,1,0,0.0,0.0,0.0,1.0,1.0,0.0,0.0,0.0,0.0,1.0,1.0,0.0,0.0,0.4017182361761858,-1.10129714995508,1.8030971742931905
34,1,0,0.0,1.0,0.0,0.0,1.0,0.0,0.0,1.0,0.0,0.0,1.0,0.0,0.0,1.380414135095619,0.18852528068311328,0.9666698322465413
35,0,0,0.0,0.0,0.0,1.0,1.0,0.0,1.0,0.0,0.0,0.0,1.0,0.0,0.0,-1.6954872615083136,0.9376995336734674,0.13426239503636808
36,1,1,0.0,1.0,0.0,0.0,0.0,1.0,0.0,0.0,1.0,0.0,1.0,0.0,0.0,-0.15753656320634743,-0.8685968067939804,-1.3746375989406798
37,1,1,0.0,0.0,0.0,1.0,0.0,1.0,0.0,0.0,1.0,0.0,1.0,0.0,0.0,-1.6954872615083136,-0.5012136604450097,-1.0625207019943332
38,1,1,0.0,0.0,0.0,1.0,0.0,1.0,0.0,1.0,0.0,0.0,1.0,0.0,0.0,-1.3459530118942304,-1.3850729161757547,0.17388717128162628
39,1,1,0.0,1.0,0.0,0.0,1.0,0.0,0.0,0.0,0.0,1.0,1.0,0.0,0.0,-0.5070708128204306,0.05071199637058729,0.9505902129006394
40,0,0,0.0,0.0,0.0,1.0,1.0,0.0,0.0,0.0,0.0,1.0,1.0,0.0,0.0,-0.08762971328353077,1.7264234859186471,-0.6453120071801277
41,1,0,0.0,0.0,0.0,1.0,1.0,0.0,1.0,0.0,0.0,0.0,1.0,0.0,0.0,-1.3459530118942304,0.44870611135885835,1.2210723811834898
42,1,1,0.0,0.0,0.0,1.0,1.0,0.0,0.0,0.0,0.0,1.0,1.0,0.0,0.0,-1.4857667117398639,0.11756377156827226,-0.8379803032712028
43,0,1,0.0,0.0,0.0,1.0,0.0,1.0,0.0,0.0,1.0,0.0,1.0,0.0,0.0,0.6114387859446357,1.6079789401793168,0.5336686541461821
44,1,1,0.0,1.0,0.0,0.0,0.0,1.0,0.0,0.0,0.0,1.0,1.0,0.0,0.0,0.8910661856359023,-1.0521135990541346,-1.6566052096134603
45,0,0,0.0,0.0,0.0,1.0,1.0,0.0,0.0,0.0,0.0,1.0,1.0,0.0,0.0,1.4503209850184355,0.6064892396034894,0.5592237634637763
46,0,0,0.0,0.0,0.0,1.0,1.0,0.0,1.0,0.0,0.0,0.0,1.0,0.0,0.0,-0.9964187622801473,1.3090182152854766,-1.0188760209125993
47,0,0,0.0,0.0,0.0,1.0,1.0,0.0,1.0,0.0,0.0,0.0,1.0,0.0,0.0,-1.3459530118942304,2.1300850791670514,-0.41646456756077344
48,1,0,0.0,0.0,0.0,1.0,1.0,0.0,0.0,0.0,0.0,1.0,1.0,0.0,0.0,0.541531936021819,-0.45582667082907574,0.6539786631806983
49,0,0,0.0,1.0,0.0,0.0,1.0,0.0,1.0,0.0,0.0,0.0,1.0,0.0,0.0,-1.2061393120485973,1.6903697809309914,-0.9884395985792852
50,1,0,1.0,0.0,0.0,0.0,1.0,0.0,0.0,1.0,0.0,0.0,1.0,0.0,0.0,-0.646884512666064,-1.0332767625262627,0.4348938495927846
51,1,1,0.0,1.0,0.0,0.0,1.0,0.0,1.0,0.0,0.0,0.0,1.0,0.0,0.0,-0.437163962897614,-0.10089092285307986,0.467627360404085
52,1,0,1.0,0.0,0.0,0.0,1.0,0.0,0.0,1.0,0.0,0.0,1.0,0.0,0.0,0.12209083648491918,-1.271742021762889,-0.7495423968687419
53,0,0,0.0,0.0,0.0,1.0,1.0,0.0,1.0,0.0,0.0,0.0,1.0,0.0,0.0,1.2406004352499855,0.18524541914051412,0.16613449766842367
54,1,1,0.0,0.0,0.0,1.0,1.0,0.0,1.0,0.0,0.0,0.0,1.0,0.0,0.0,0.19199768640773582,-0.5266825899962364,0.030032005347753465
55,1,1,0.0,0.0,0.0,1.0,1.0,0.0,0.0,1.0,0.0,0.0,1.0,0.0,0.0,1.2406004352499855,-0.28918344146766606,1.5581701153279341
56,1,0,0.0,0.0,1.0,0.0,1.0,0.0,0.0,0.0,0.0,1.0,1.0,0.0,0.0,1.3105072851728021,-1.6887740307407475,-1.6879030401260193
57,1,0,0.0,0.0,0.0,1.0,1.0,0.0,1.0,0.0,0.0,0.0,1.0,0.0,0.0,0.12209083648491918,-0.18590206174506807,-0.8385545753906991
58,1,0,0.0,0.0,0.0,1.0,1.0,0.0,1.0,0.0,0.0,0.0,1.0,0.0,0.0,1.4503209850184355,0.12340508056812348,0.526490252652476
59,1,0,0.0,0.0,0.0,1.0,1.0,0.0,1.0,0.0,0.0,0.0,1.0,0.0,0.0,-0.9964187622801473,0.1287603820010463,1.3034804303312373
60,1,0,1.0,0.0,0.0,0.0,1.0,0.0,0.0,1.0,0.0,0.0,1.0,0.0,0.0,-0.15753656320634743,-1.228833388730963,2.3558340893085696
61,0,1,0.0,0.0,0.0,1.0,0.0,1.0,0.0,0.0,1.0,0.0,1.0,0.0,0.0,-0.9964187622801473,0.8845812913573768,0.21293767540738812
62,0,0,0.0,1.0,0.0,0.0,1.0,0.0,1.0,0.0,0.0,0.0,1.0,0.0,0.0,1.5901346848640687,0.6298603109276973,0.8331515644636055
63,0,0,0.0,0.0,0.0,1.0,1.0,0.0,1.0,0.0,0.0,0.0,1.0,0.0,0.0,0.12209083648491918,1.616411113711462,-1.2597831750413802
64,1,1,0.0,1.0,0.0,0.0,1.0,0.0,0.0,0.0,0.0,1.0,1.0,0.0,0.0,0.6114387859446357,-0.9701386240804413,-1.6732591010788584
65,1,1,0.0,0.0,0.0,1.0,1.0,0.0,0.0,1.0,0.0,0.0,1.0,0.0,0.0,0.19199768640773582,0.03869282791936258,1.2276765105576992
66,0,1,0.0,1.0,0.0,0.0,1.0,0.0,0.0,1.0,0.0,0.0,1.0,0.0,0.0,-0.5070708128204306,0.9960245794484313,-0.6332522926707013
67,1,0,0.0,0.0,0.0,1.0,1.0,0.0,0.0,1.0,0.0,0.0,1.0,0.0,0.0,-1.415859861817047,-0.09069483638356328,0.9101040284761364
68,1,1,0.0,0.0,0.0,1.0,1.0,0.0,1.0,0.0,0.0,0.0,1.0,0.0,0.0,1.2406004352499855,-1.0520432277144076,0.2499782271149124
69,0,0,0.0,0.0,0.0,1.0,1.0,0.0,1.0,0.0,0.0,0.0,1.0,0.0,0.0,1.2406004352499855,0.5699985502132342,0.691880623067467
70,1,1,0.0,0.0,0.0,1.0,1.0,0.0,1.0,0.0,0.0,0.0,1.0,0.0,0.0,-0.646884512666064,0.18724668602995245,1.2457660823218397
71,0,0,0.0,0.0,0.0,1.0,1.0,0.0,0.0,0.0,0.0,1.0,1.0,0.0,0.0,-0.08762971328353077,2.845874105617619,-0.34554196080295596
72,0,0,0.0,1.0,0.0,0.0,1.0,0.0,1.0,0.0,0.0,0.0,1.0,0.0,0.0,-1.3459530118942304,1.8225314801892256,0.6045912609039996
73,1,1,0.0,0.0,0.0,1.0,0.0,1.0,0.0,0.0,0.0,1.0,1.0,0.0,0.0,-0.22744341312916405,-0.14173867083846872,-1.0073905785226696
74,0,0,0.0,0.0,0.0,1.0,1.0,0.0,0.0,0.0,0.0,1.0,1.0,0.0,0.0,1.4503209850184355,0.2857032042819056,-0.12128869813957356
75,1,0,1.0,0.0,0.0,0.0,1.0,0.0,0.0,1.0,0.0,0.0,1.0,0.0,0.0,0.9609730355587189,-1.184335216751483,-0.3286009332778092
76,1,1,0.0,1.0,0.0,0.0,0.0,1.0,0.0,0.0,1.0,0.0,1.0,0.0,0.0,1.4503209850184355,-0.8366908336793037,0.9092426202968916
77,1,0,1.0,0.0,0.0,0.0,1.0,0.0,0.0,1.0,0.0,0.0,1.0,0.0,0.0,-1.415859861817047,-0.6211544264856826,0.8963214976082203
78,1,0,0.0,0.0,0.0,1.0,1.0,0.0,0.0,1.0,0.0,0.0,1.0,0.0,0.0,1.380414135095619,0.6008170598234686,-1.5684544392707478
79,0,0,0.0,1.0,0.0,0.0,1.0,0.0,1.0,0.0,0.0,0.0,1.0,0.0,0.0,-0.7866982125116972,1.3885067764001275,0.745862202300138
80,1,1,0.0,1.0,0.0,0.0,1.0,0.0,0.0,0.0,0.0,1.0,1.0,0.0,0.0,-0.01772286336071412,-0.3458856312476351,0.68154372491653
81,0,0,0.0,0.0,0.0,1.0,1.0,0.0,1.0,0.0,0.0,0.0,1.0,0.0,0.0,0.751252485790269,0.9375756278714527,1.0947325148942602
82,1,0,1.0,0.0,0.0,0.0,1.0,0.0,0.0,0.0,0.0,1.0,1.0,0.0,0.0,-0.856605062434514,-1.2377094033126321,0.5801846958253986
83,1,0,0.0,1.0,0.0,0.0,1.0,0.0,0.0,0.0,1.0,0.0,1.0,0.0,0.0,1.2406004352499855,-0.8531090115114094,-0.7911771255322381
84,1,0,1.0,0.0,0.0,0.0,1.0,0.0,0.0,1.0,0.0,0.0,1.0,0.0,0.0,0.8211593357130856,-1.3399658163711987,-2.3204637797514116
85,1,0,1.0,0.0,0.0,0.0,1.0,0.0,0.0,1.0,0.0,0.0,1.0,0.0,0.0,1.1007867354043523,-0.8419832258722955,0.11789563963071768
86,0,1,0.0,0.0,0.0,1.0,0.0,1.0,0.0,0.0,0.0,1.0,1.0,0.0,0.0,-0.08762971328353077,0.3978955199721242,0.3338219565614007
87,0,0,0.0,1.0,0.0,0.0,1.0,0.0,0.0,0.0,0.0,1.0,1.0,0.0,0.0,-1.1362324621257804,1.4383728766352648,1.1446941892904556
88,1,0,0.0,0.0,0.0,1.0,1.0,0.0,0.0,1.0,0.0,0.0,1.0,0.0,0.0,1.5202278349412521,0.07037961367632221,0.5514710898505737
89,1,0,1.0,0.0,0.0,0.0,1.0,0.0,0.0,1.0,0.0,0.0,1.0,0.0,0.0,-1.2760461619714139,-0.9151170358074517,-2.1995794985973984
90,0,0,0.0,0.0,0.0,1.0,1.0,0.0,0.0,0.0,1.0,0.0,1.0,0.0,0.0,-0.5769776627432474,0.621668457015761,1.5090698491109835
91,1,1,0.0,0.0,0.0,1.0,0.0,1.0,0.0,1.0,0.0,0.0,1.0,0.0,0.0,-0.08762971328353077,-0.7809642272760889,1.4125921330355715
92,0,0,0.0,0.0,0.0,1.0,1.0,0.0,1.0,0.0,0.0,0.0,1.0,0.0,0.0,-1.2760461619714139,0.299192942480424,-0.48422867766136013
93,1,1,0.0,1.0,0.0,0.0,1.0,0.0,1.0,0.0,0.0,0.0,1.0,0.0,0.0,-0.08762971328353077,-0.8921600863635718,-0.8339603984347272
94,1,0,0.0,0.0,0.0,1.0,1.0,0.0,0.0,0.0,0.0,1.0,1.0,0.0,0.0,1.1007867354043523,0.3808818353844392,-1.1167894172867523
95,0,1,0.0,0.0,0.0,1.0,1.0,0.0,0.0,0.0,0.0,1.0,1.0,0.0,0.0,0.05218398656210253,0.44522593167669033,-0.047494730784273805
96,0,1,0.0,0.0,0.0,1.0,1.0,0.0,1.0,0.0,0.0,0.0,1.0,0.0,0.0,1.6600415347868855,0.12690935450086613,-0.152012256532636
97,1,0,0.0,0.0,0.0,1.0,1.0,0.0,0.0,0.0,0.0,1.0,1.0,0.0,0.0,0.47162508609900244,-0.6538133957892313,0.13512380321561285
98,1,1,0.0,1.0,0.0,0.0,1.0,0.0,0.0,0.0,0.0,1.0,1.0,0.0,0.0,1.5901346848640687,-1.7509484034606324,0.5253417084134827
99,0,1,0.0,1.0,0.0,0.0,0.0,1.0,0.0,0.0,0.0,1.0,1.0,0.0,0.0,0.9609730355587189,1.1507351170226474,0.3860807194355822
100,1,1,0.0,0.0,0.0,1.0,1.0,0.0,0.0,1.0,0.0,0.0,1.0,0.0,0.0,-1.415859861817047,0.049143483960241346,1.155318223501141
101,1,0,0.0,0.0,0.0,1.0,1.0,0.0,0.0,0.0,0.0,1.0,0.0,0.0,1.0,-1.625580411585497,-0.6653793679035443,-0.05725735681571396
102,1,0,1.0,0.0,0.0,0.0,1.0,0.0,0.0,1.0,0.0,0.0,1.0,0.0,0.0,0.8211593357130856,-0.8894655271738353,0.14172793258982228
103,1,1,0.0,0.0,0.0,1.0,0.0,1.0,0.0,0.0,0.0,1.0,1.0,0.0,0.0,0.4017182361761858,-1.0202122314443958,0.29649426879412843
104,1,0,1.0,0.0,0.0,0.0,1.0,0.0,0.0,1.0,0.0,0.0,1.0,0.0,0.0,0.6114387859446357,-1.6009475708426115,-0.45551507168653527
105,0,0,0.0,0.0,0.0,1.0,1.0,0.0,0.0,0.0,0.0,1.0,1.0,0.0,0.0,-1.0663256122029638,1.2389980440653885,0.013378113882355082
106,1,0,0.0,0.0,0.0,1.0,1.0,0.0,1.0,0.0,0.0,0.0,1.0,0.0,0.0,0.2619045363305525,-0.7032421737217047,1.5340506863090813
107,0,0,0.0,0.0,0.0,1.0,1.0,0.0,1.0,0.0,0.0,0.0,1.0,0.0,0.0,1.7998552346325187,0.7998746448326788,1.078940031608107
108,1,1,0.0,0.0,0.0,1.0,0.0,1.0,1.0,0.0,0.0,0.0,1.0,0.0,0.0,-1.2760461619714139,-1.293836992771821,-0.3624829883281028
109,0,0,0.0,0.0,0.0,1.0,1.0,0.0,0.0,0.0,0.0,1.0,1.0,0.0,0.0,0.2619045363305525,0.9685207114130653,-1.7459045241951656
110,1,0,0.0,0.0,0.0,1.0,1.0,0.0,1.0,0.0,0.0,0.0,1.0,0.0,0.0,-0.5070708128204306,-0.36656808063591756,1.4246518475449983
111,0,0,0.0,0.0,0.0,1.0,1.0,0.0,0.0,0.0,0.0,1.0,1.0,0.0,0.0,0.2619045363305525,0.8027790399135596,0.9807394991742054
112,0,1,0.0,0.0,0.0,1.0,0.0,1.0,0.0,0.0,0.0,1.0,1.0,0.0,0.0,0.19199768640773582,0.4326226180411143,-0.7205416548341691
113,0,0,0.0,0.0,0.0,1.0,1.0,0.0,1.0,0.0,0.0,0.0,1.0,0.0,0.0,1.380414135095619,1.2023307126601892,-0.7604535671391757
114,0,0,0.0,0.0,0.0,1.0,1.0,0.0,1.0,0.0,0.0,0.0,1.0,0.0,0.0,0.19199768640773582,1.6437511650106906,0.23160151929102446
115,0,0,0.0,0.0,0.0,1.0,1.0,0.0,0.0,0.0,0.0,1.0,1.0,0.0,0.0,-0.437163962897614,1.7008443761494596,-0.9855682379818026
116,1,1,0.0,1.0,0.0,0.0,1.0,0.0,1.0,0.0,0.0,0.0,1.0,0.0,0.0,-1.415859861817047,-0.4547383164068084,-1.8222827160881996
117,1,0,0.0,0.0,0.0,1.0,1.0,0.0,0.0,0.0,1.0,0.0,1.0,0.0,0.0,-1.1362324621257804,-0.5143680244038892,1.4970101346015574
118,0,0,0.0,0.0,0.0,1.0,1.0,0.0,0.0,0.0,0.0,1.0,0.0,1.0,0.0,-1.415859861817047,1.3359288245285084,-0.1353583650672376
119,0,0,0.0,0.0,0.0,1.0,1.0,0.0,1.0,0.0,0.0,0.0,1.0,0.0,0.0,0.2619045363305525,0.9989414808942809,-0.9178041278812159
120,1,1,0.0,0.0,0.0,1.0,0.0,1.0,0.0,0.0,1.0,0.0,1.0,0.0,0.0,0.8910661856359023,-1.206071151852009,-0.89253615462337
121,1,0,0.0,0.0,0.0,1.0,1.0,0.0,0.0,0.0,0.0,1.0,1.0,0.0,0.0,1.0308798854815355,-0.02704866902947174,1.1188519439131133
122,0,0,0.0,1.0,0.0,0.0,0.0,1.0,0.0,0.0,0.0,1.0,1.0,0.0,0.0,0.9609730355587189,1.2483503138894536,-0.023088165705672407
123,1,0,0.0,0.0,0.0,1.0,1.0,0.0,0.0,0.0,0.0,1.0,1.0,0.0,0.0,-1.3459530118942304,-0.19047935415135292,-0.7825630437397907
124,1,0,0.0,0.0,0.0,1.0,1.0,0.0,0.0,0.0,0.0,1.0,1.0,0.0,0.0,0.05218398656210253,-0.4172136173402871,0.7286340387152429
125,1,0,0.0,1.0,0.0,0.0,0.0,1.0,0.0,0.0,0.0,1.0,1.0,0.0,0.0,1.5202278349412521,-0.9279896336961276,-2.141865150588001
126,1,0,0.0,1.0,0.0,0.0,0.0,1.0,0.0,0.0,1.0,0.0,1.0,0.0,0.0,-1.625580411585497,-0.4805040689179708,-1.0042320818654389
127,1,0,0.0,0.0,0.0,1.0,1.0,0.0,1.0,0.0,0.0,0.0,1.0,0.0,0.0,-1.2760461619714139,-0.4179676021195718,0.27467192825326175
128,1,0,1.0,0.0,0.0,0.0,1.0,0.0,0.0,1.0,0.0,0.0,1.0,0.0,0.0,-0.22744341312916405,-0.9186825566475338,0.9241736954038005
129,1,0,0.0,1.0,0.0,0.0,1.0,0.0,1.0,0.0,0.0,0.0,1.0,0.0,0.0,0.8910661856359023,0.051373919097266074,-0.8420002081076782
130,1,0,0.0,0.0,0.0,1.0,1.0,0.0,0.0,0.0,0.0,1.0,1.0,0.0,0.0,0.05218398656210253,0.23139319615000098,1.2635685180262304
131,1,1,0.0,1.0,0.0,0.0,0.0,1.0,0.0,0.0,0.0,1.0,1.0,0.0,0.0,0.4017182361761858,-0.9194345267892243,-0.22178631905146065
132,1,0,1.0,0.0,0.0,0.0,1.0,0.0,0.0,1.0,0.0,0.0,1.0,0.0,0.0,0.4017182361761858,-1.5793802071052312,0.41192296481292434
133,0,0,0.0,1.0,0.0,0.0,1.0,0.0,0.0,0.0,0.0,1.0,1.0,0.0,0.0,-0.01772286336071412,2.0725213254719494,-0.1919241688376426
134,1,0,0.0,1.0,0.0,0.0,0.0,1.0,0.0,0.0,0.0,1.0,1.0,0.0,0.0,0.8910661856359023,-0.5912077151950951,-0.04462337018679107
135,0,0,0.0,0.0,0.0,1.0,1.0,0.0,0.0,1.0,0.0,0.0,1.0,0.0,0.0,0.33181138625336914,0.40507082348307677,-0.5244277260261151
136,1,0,1.0,0.0,0.0,0.0,1.0,0.0,0.0,1.0,0.0,0.0,1.0,0.0,0.0,-1.3459530118942304,-1.0464282785988177,-1.8590361317359756
137,1,0,0.0,0.0,0.0,1.0,1.0,0.0,1.0,0.0,0.0,0.0,1.0,0.0,0.0,0.751252485790269,0.46193515411277286,-1.529403935144986
138,1,1,0.0,0.0,0.0,1.0,0.0,1.0,0.0,0.0,0.0,1.0,1.0,0.0,0.0,-0.7866982125116972,-0.6389216081303164,0.49691523849840624
139,1,1,0.0,0.0,0.0,1.0,0.0,1.0,0.0,1.0,0.0,0.0,1.0,0.0,0.0,1.5202278349412521,-0.81394470939581,-1.265238760176597
140,1,1,0.0,0.0,0.0,1.0,1.0,0.0,0.0,0.0,1.0,0.0,1.0,0.0,0.0,0.4017182361761858,-0.5665354564830708,1.3586105538029007
141,1,0,1.0,0.0,0.0,0.0,1.0,0.0,0.0,1.0,0.0,0.0,1.0,0.0,0.0,-0.7866982125116972,-0.5236069363152775,-0.45264371108905294
142,0,1,0.0,0.0,0.0,1.0,1.0,0.0,0.031185847124287736,0.0,0.0,0.9688141528757123,1.0,0.0,0.0,0.041283464888935105,0.40524827140623687,-0.07879994688034841
143,1,0,0.40774107950385785,0.0,0.0,0.5922589204961421,1.0,0.0,0.0,0.40774107950385785,0.0,0.5922589204961421,1.0,0.0,0.0,-4.205857080641362e-05,-0.48346346944747776,0.2027632616928277
144,1,0,0.0,0.0,0.0,1.0,1.0,0.0,0.5831381154291188,0.0,0.0,0.41686188457088125,1.0,0.0,0.0,0.3377051924239314,-0.4971454579992118,0.2901315850036976
145,1,1,0.0,0.0,0.0,1.0,1.0,0.0,1.0,0.0,0.0,0.0,1.0,0.0,0.0,1.0628146132127625,-0.9629707234263456,0.21268734657504232
146,0,0,0.0,0.0,0.0,1.0,1.0,0.0,0.0,0.0,0.0,1.0,0.7372357266666476,0.0,0.2627642733333524,-0.3886725563417208,0.15339853717231988,-0.05006000011925044
147,1,1,0.0,0.0,0.0,1.0,1.0,0.0,1.0,0.0,0.0,0.0,1.0,0.0,0.0,-0.25326628065789303,-0.8087630616887697,-0.953906214747055
148,1,1,0.0,0.0,0.0,1.0,1.0,0.0,0.7852830382005309,0.0,0.21471696179946909,0.0,1.0,0.0,0.0,0.23702824568093175,-0.5352396764072893,0.31530035478399143
149,0,1,0.0,0.0,0.0,1.0,1.0,0.0,0.3965248665877156,0.0,0.0,0.6034751334122844,1.0,0.0,0.0,0.10762359524052718,0.05984003478486921,-0.016753452082540664
150,1,1,0.0,1.0,0.0,0.0,1.0,0.0,0.0,0.0,0.0,1.0,1.0,0.0,0.0,1.2655455985827515,-1.4919891770774873,-0.20383456445984516
151,1,0,0.564578017565622,0.0,0.0,0.435421982434378,1.0,0.0,0.0,0.564578017565622,0.0,0.435421982434378,1.0,0.0,0.0,-0.20835760810812531,-0.4940939187473471,0.029203996921720377
152,1,0,0.7401633704632604,0.0,0.0,0.2598366295367396,1.0,0.0,0.0,0.7401633704632604,0.0,0.2598366295367396,0.7401633704632604,0.0,0.2598366295367396,-1.0046705356974015,-0.5604446071004008,-0.3499078534298493
153,1,0,0.0,0.08521415479864414,0.0,0.9147858452013559,1.0,0.0,0.0,0.0,0.0,1.0,1.0,0.0,0.0,0.6308877329839462,-0.5661893746366293,0.6430169738043386
154,1,1,0.0,0.20978228136956234,0.0,0.7902177186304377,1.0,0.0,0.7902177186304377,0.0,0.0,0.20978228136956234,1.0,0.0,0.0,-0.10670242306979555,-0.8646858155933815,-1.1817936965935183
155,1,1,0.0,0.6873803502003796,0.0,0.3126196497996204,1.0,0.0,0.3126196497996204,0.0,0.0,0.6873803502003796,1.0,0.0,0.0,0.32733347170558347,-0.9284202225787045,-1.478829466034583
156,1,0,0.0,0.0,0.0,1.0,1.0,0.0,0.20941107142573046,0.0,0.0,0.7905889285742695,1.0,0.0,0.0,0.6879246194451668,-0.5806810188081931,0.5693764990076997
157,1,0,0.4580876582901213,0.0,0.0,0.5419123417098787,1.0,0.0,0.5419123417098787,0.4580876582901213,0.0,0.0,1.0,0.0,0.0,-0.10520947197448856,-1.0359824136648483,-0.9130807026971667
158,1,0,0.0,0.0,0.0,1.0,1.0,0.0,0.35861244822905747,0.0,0.0,0.6413875517709425,1.0,0.0,0.0,0.7922266020098447,-0.6696373499684237,0.50909907771754
159,1,1,0.0,1.0,0.0,0.0,0.0,1.0,0.0,0.0,0.0,1.0,1.0,0.0,0.0,0.45176656609986104,-0.9330043516756124,-0.36853320803884393
160,1,1,0.0,0.0,0.0,1.0,1.0,0.0,1.0,0.0,0.0,0.0,1.0,0.0,0.0,0.6581863006758306,-0.970490367574673,-0.24281772328418771
161,0,0,0.0,0.0,0.0,1.0,1.0,0.0,0.0,0.0,0.0,1.0,1.0,0.0,0.0,0.5131640705519609,-0.4035919796704214,0.6133137275400081
162,1,0,0.5352352468221306,0.0,0.0,0.46476475317786936,1.0,0.0,0.0,0.5352352468221306,0.0,0.46476475317786936,1.0,0.0,0.0,0.31703227558384056,-0.8925333250721006,-0.09723527781492236
163,1,1,0.0,0.0,0.0,1.0,1.0,0.0,0.8218838973950626,0.0,0.17811610260493738,0.0,1.0,0.0,0.0,0.22935229336865692,-0.5337810272525063,0.26667323840310925
164,1,1,0.0,1.0,0.0,0.0,0.0,1.0,0.0,0.0,0.0,1.0,1.0,0.0,0.0,0.5206262702458981,-0.9516745875938778,-0.5704369953466883
165,0,0,0.0,0.0,0.0,1.0,1.0,0.0,0.008578512507598002,0.0,0.0,0.991421487492402,1.0,0.0,0.0,0.5475289038861156,-0.4470266163397548,0.6543038056176494
166,0,0,0.0,0.0,0.0,1.0,1.0,0.0,0.0,0.0,0.0,1.0,0.98839598427672,0.0,0.011604015723279959,0.03271518210603852,0.43233845031800333,-0.04760801645024314
167,1,0,0.6803264840453818,0.0,0.0,0.31967351595461824,1.0,0.0,0.31967351595461824,0.6803264840453818,0.0,0.0,1.0,0.0,0.0,0.1444382049890578,-1.033566253614893,-0.5003331067639751
168,1,1,0.0,1.0,0.0,0.0,1.0,0.0,0.0,0.0,0.0,1.0,1.0,0.0,0.0,1.562241400213788,-1.7286949645139478,0.4626805709966235
169,1,0,0.0,0.2511501623946315,0.0,0.7488498376053685,1.0,0.0,0.0,0.0,0.0,1.0,1.0,0.0,0.0,0.804888686681007,-0.7810967043003076,0.6216714711009612
170,1,1,0.0,0.02192547976762138,0.0,0.9780745202323786,0.0,1.0,0.0,0.0,0.0,1.0,1.0,0.0,0.0,0.33334412747697,-0.9993747122620043,0.7502025264361261
171,1,1,0.0,0.918867720874583,0.0,0.08113227912541698,1.0,0.0,0.08113227912541698,0.0,0.0,0.918867720874583,1.0,0.0,0.0,1.5617761745604857,-1.6942446336597912,0.5030008415878205
172,0,1,0.0,0.0,0.0,1.0,0.5920472529668434,0.40795274703315665,0.0,0.0,0.0,1.0,1.0,0.0,0.0,0.1662587524118932,-0.1448339279553713,0.2868169623808505
173,1,0,0.16989859518289363,0.0,0.0,0.8301014048171064,1.0,0.0,0.0,0.16989859518289363,0.0,0.8301014048171064,1.0,0.0,0.0,0.4702694824485315,-0.5944495427408882,0.41552240676869256
174,0,0,0.0,0.0,0.0,1.0,1.0,0.0,0.0,0.0,0.0,1.0,1.0,0.0,0.0,0.47139795762208886,-0.32668665127666474,0.5534425928555999
175,1,0,0.9956588510796207,0.0,0.0,0.00434114892037929,1.0,0.0,0.00434114892037929,0.9956588510796207,0.0,0.0,1.0,0.0,0.0,-0.7845738801892104,-0.5249660801383075,-0.4552426644142502
176,1,1,0.0,0.0,0.0,1.0,0.2277291498967936,0.7722708501032064,0.0,0.0,0.2277291498967936,0.7722708501032064,1.0,0.0,0.0,0.3477312137582549,-0.90218851958701,0.9055818231036168
177,1,0,0.0,0.0,0.0,1.0,0.5342428502453969,0.46575714975460314,0.0,0.0,0.0,1.0,1.0,0.0,0.0,0.4438530905166974,-0.7098227024497538,0.7089440246933243
178,1,1,0.0,0.0,0.0,1.0,1.0,0.0,0.7657980493451216,0.0,0.23420195065487837,0.0,1.0,0.0,0.0,1.0441325878572476,-0.9383363606339261,0.5096220805842957
179,1,1,0.0,1.0,0.0,0.0,0.4945622082864569,0.5054377917135431,0.0,0.0,0.0,1.0,1.0,0.0,0.0,0.7527730413471898,-1.0115718744069178,-1.6648415949531505
180,1,0,0.37990489044747255,0.0,0.0,0.6200951095525274,1.0,0.0,0.0,0.37990489044747255,0.0,0.6200951095525274,1.0,0.0,0.0,0.3821842110530857,-0.7657969028399971,0.12077414862189506
181,1,0,0.77464969923909,0.0,0.0,0.22535030076091,1.0,0.0,0.22535030076091,0.77464969923909,0.0,0.0,1.0,0.0,0.0,0.1378443661402737,-1.103842654729521,-0.573865070863748
182,1,1,0.0,0.9553750920409165,0.0,0.04462490795908347,0.0,1.0,0.0,0.0,0.0,1.0,1.0,0.0,0.0,0.39859864943267065,-0.9230818188361609,-0.1774390716077444
183,1,1,0.0,1.0,0.0,0.0,0.6969525819351785,0.3030474180648215,0.0,0.0,0.0,1.0,1.0,0.0,0.0,0.5478835148221721,-0.9547728783110304,-1.233394022094092
184,1,0,0.0,0.0,0.0,1.0,1.0,0.0,0.6363158924740153,0.0,0.0,0.3636841075259847,1.0,0.0,0.0,0.9863603320086602,-0.8352087413313503,0.3969067651456064
185,1,0,0.0,0.0,0.0,1.0,1.0,0.0,0.5879220718198569,0.0,0.0,0.4120779281801431,1.0,0.0,0.0,0.9525297364320406,-0.8063555442064017,0.4164578897927758
186,1,1,0.0,0.7279609221354768,0.0,0.2720390778645232,0.0,1.0,0.0,0.0,0.0,1.0,1.0,0.0,0.0,0.38270084118676917,-0.9416688799908262,0.048560105225314176
187,1,1,0.0,0.0,0.0,1.0,1.0,0.0,1.0,0.0,0.0,0.0,1.0,0.0,0.0,0.12802464189571033,-0.5672103396151491,-0.11133475281601812
188,0,0,0.0,0.0,0.0,1.0,1.0,0.0,0.8579336565832706,0.0,0.0,0.1420663434167294,1.0,0.0,0.0,1.0717664559286029,0.552272560539217,0.5868402701332998
189,0,0,0.0,0.0,0.0,1.0,1.0,0.0,0.0,0.0,0.0,1.0,1.0,0.0,0.0,0.20992477909208973,0.15477258087100237,0.17862447381217567
190,0,0,0.0,0.0,0.0,1.0,1.0,0.0,1.0,0.0,0.0,0.0,1.0,0.0,0.0,0.815987352011225,0.12591697519516531,0.4238767650596934
191,1,1,0.0,0.439539710467189,0.0,0.560460289532811,1.0,0.0,0.560460289532811,0.0,0.0,0.439539710467189,1.0,0.0,0.0,0.1020986124197441,-0.8953464368347058,-1.3246882750910491
192,1,1,0.0,0.0,0.0,1.0,1.0,0.0,0.11634154516284634,0.0,0.8836584548371537,0.0,1.0,0.0,0.0,0.3773190233637227,-0.5618989124168239,1.2040416726054173
193,1,0,0.0,0.0,0.0,1.0,1.0,0.0,0.8919464028943334,0.0,0.0,0.10805359710566664,0.8919464028943334,0.0,0.10805359710566664,-0.004398165100908846,-0.5416692757560868,0.02060007577693152
194,1,0,0.6052531968588666,0.0,0.0,0.3947468031411334,1.0,0.0,0.3947468031411334,0.6052531968588666,0.0,0.0,1.0,0.0,0.0,-0.4003611351659132,-0.5248210407734053,-0.26210901507176737
195,1,1,0.0,0.0,0.0,1.0,1.0,0.0,1.0,0.0,0.0,0.0,1.0,0.0,0.0,0.44360702097293747,-0.9404437856879023,-0.42437890767140835
196,1,1,0.0,0.29264833644235044,0.0,0.7073516635576496,0.7073516635576496,0.29264833644235044,0.7073516635576496,0.0,0.0,0.29264833644235044,1.0,0.0,0.0,0.05043783365725418,-0.8997339475980588,-1.2284574042435614
197,0,0,0.0,0.0,0.0,1.0,1.0,0.0,0.08271204312660796,0.0,0.0,0.917287956873392,1.0,0.0,0.0,0.150480339118345,0.45554612988210474,0.013660515370262402
198,1,1,0.0,0.869296426188341,0.0,0.13070357381165898,0.0,1.0,0.0,0.0,0.0,1.0,1.0,0.0,0.0,0.39258116105735835,-0.9301172178483644,-0.09189599558192352
199,1,0,0.0,0.0,0.0,1.0,1.0,0.0,0.6736828861391311,0.0,0.0,0.3263171138608689,0.6736828861391311,0.0,0.3263171138608689,-0.40110915274614367,-0.571941722264751,0.0015479926158146404
200,1,1,0.0,0.0,0.0,1.0,1.0,0.0,1.0,0.0,0.0,0.0,1.0,0.0,0.0,0.9296079904500433,-0.8962328511861939,0.18474702940214607
201,1,0,0.0,0.0,0.0,1.0,1.0,0.0,0.0,0.0,0.5902031650965571,0.4097968349034429,1.0,0.0,0.0,0.4590134478490663,-0.5211673465260599,1.0698546352538933
202,1,0,0.0,0.0,0.0,1.0,1.0,0.0,0.2429897720416202,0.0,0.0,0.7570102279583798,1.0,0.0,0.0,0.4565986883873542,-0.4730439344753036,0.5023660070277403
203,1,1,0.0,0.0,0.0,1.0,1.0,0.0,1.0,0.0,0.0,0.0,1.0,0.0,0.0,-0.2611444712016642,-0.8137539971092032,-0.9713153323819059
204,1,0,0.003409002779435122,0.0,0.0,0.9965909972205649,1.0,0.0,0.9965909972205649,0.003409002779435122,0.0,0.0,1.0,0.0,0.0,-0.29901845157179974,-0.8356235298029935,-1.0492814983644465
205,1,0,0.0,0.0,0.0,1.0,1.0,0.0,0.8694276524302548,0.0,0.0,0.13057234756974523,0.8694276524302548,0.0,0.13057234756974523,-0.04532775273859313,-0.5447925538879532,0.018634428412203828
206,1,1,0.0,0.0,0.0,1.0,1.0,0.0,1.0,0.0,0.0,0.0,1.0,0.0,0.0,-0.12101068907507981,-0.7249774369423678,-0.6616496186493097
207,1,1,0.0,0.7154438204308702,0.0,0.2845561795691298,0.7154438204308702,0.2845561795691298,0.0,0.0,0.0,1.0,1.0,0.0,0.0,1.2320710143485827,-1.5375933949584148,0.59552745462681
208,1,0,0.0,0.0,0.0,1.0,1.0,0.0,0.0853863818229923,0.0,0.0,0.9146136181770077,1.0,0.0,0.0,0.6012228658173414,-0.5067354454044765,0.6194825276901297
209,1,0,0.8254731393303654,0.0,0.0,0.17452686066963463,1.0,0.0,0.17452686066963463,0.8254731393303654,0.0,0.0,1.0,0.0,0.0,0.13429145954125166,-1.1417091381243534,-0.6134857237914899
210,1,1,0.0,0.0,0.0,1.0,1.0,0.0,0.9685200162184808,0.0,0.03147998378151917,0.0,1.0,0.0,0.0,1.2141924372285373,-1.0367594509502436,0.28487795477871813
211,1,0,0.0,0.0,0.0,1.0,1.0,0.0,0.7550096132852229,0.0,0.0,0.24499038671477713,0.7550096132852229,0.0,0.24499038671477713,-0.6227538807874327,-0.7947211714302251,-0.8077860173770328
212,1,1,0.0,1.0,0.0,0.0,0.047138925060783765,0.9528610749392162,0.0,0.0,0.0,1.0,1.0,0.0,0.0,0.4577389100918867,-0.9586311971086396,-0.1865675069539795
213,1,1,0.0,0.0,0.0,1.0,1.0,0.0,1.0,0.0,0.0,0.0,1.0,0.0,0.0,0.534581777738266,-0.6983207026105906,0.10188960500489588
214,1,0,1.0,0.0,0.0,0.0,1.0,0.0,0.0,1.0,0.0,0.0,1.0,0.0,0.0,-0.5214531949752664,-0.7419624546594579,-0.539298471292342
215,0,1,0.0,0.0,0.0,1.0,1.0,0.0,0.03683447845165011,0.0,0.0,0.9631655215483499,1.0,0.0,0.0,0.03930907477657889,0.398007196206376,-0.0844701992754619
216,1,0,0.0,0.0,0.0,1.0,1.0,0.0,0.30470729623556614,0.0,0.0,0.6952927037644339,1.0,0.0,0.0,0.7545432083050886,-0.6374982058484837,0.530876782629103
217,1,1,0.0,1.0,0.0,0.0,0.0,1.0,0.0,0.0,0.0,1.0,1.0,0.0,0.0,0.5792176264758788,-0.9675607209595529,-0.7422329226316443
218,1,1,0.0,1.0,0.0,0.0,0.7913173563229758,0.20868264367702416,0.0,0.0,0.0,1.0,1.0,0.0,0.0,0.5676737471855566,-0.9595575590124531,-1.370361923700136
219,1,0,0.8444620395771283,0.0,0.0,0.1555379604228717,1.0,0.0,0.1555379604228717,0.8444620395771283,0.0,0.0,1.0,0.0,0.0,-0.7105860305156184,-0.572303367152522,-0.5457609726365115
220,1,0,0.0,0.0,0.0,1.0,0.7316177873328608,0.26838221266713924,0.0,0.0,0.0,1.0,1.0,0.0,0.0,0.48524667083319356,-0.602186242573592,0.6856512319229713
221,1,1,0.0,0.07662469043882447,0.0,0.9233753095611755,0.0,1.0,0.0,0.0,0.0,1.0,1.0,0.0,0.0,0.33716797698825834,-0.9949040252582861,0.6958436595711012
222,0,0,0.0,0.0,0.0,1.0,1.0,0.0,0.8185423711743399,0.0,0.0,0.18145762882566008,1.0,0.0,0.0,1.0249532044136704,0.5473576067112244,0.5577153245453967
223,1,0,0.9259096406687369,0.0,0.0,0.07409035933126307,1.0,0.0,0.07409035933126307,0.9259096406687369,0.0,0.0,1.0,0.0,0.0,0.09101429470193023,-1.2395089229102831,-0.771901385418482
224,1,1,0.0,0.0,0.0,1.0,1.0,0.0,1.0,0.0,0.0,0.0,1.0,0.0,0.0,0.341396385030763,-0.6015328568580355,0.06136863815302246
225,1,0,0.0,0.0,0.0,1.0,1.0,0.0,0.316715619978304,0.0,0.0,0.683284380021696,1.0,0.0,0.0,0.43082897945164345,-0.47826784719723564,0.45636501061174645
226,1,0,0.0,0.0,0.0,1.0,1.0,0.0,0.18926445243578494,0.0,0.0,0.8107355475642151,1.0,0.0,0.0,0.6738407527433439,-0.5686692710011271,0.5775157418648891
227,0,1,0.0,0.0,0.0,1.0,1.0,0.0,0.2764499104052026,0.0,0.0,0.7235500895947974,1.0,0.0,0.0,0.09083547135784774,0.17654190793815683,-0.02606247152656708
228,1,1,0.0,0.0,0.0,1.0,1.0,0.0,1.0,0.0,0.0,0.0,1.0,0.0,0.0,0.25782534523415446,-0.5596629163006682,0.04383946948289325
229,1,1,0.0,0.0,0.0,1.0,0.7189862258325459,0.2810137741674541,0.7189862258325459,0.0,0.0,0.2810137741674541,1.0,0.0,0.0,0.985218194669395,-1.0377462310838408,0.3966711706251707
230,1,1,0.0,1.0,0.0,0.0,0.9931867871808482,0.006813212819151815,0.0,0.0,0.0,1.0,1.0,0.0,0.0,1.5820377506813776,-1.7452831224567922,0.520251366159211
231,1,1,0.0,0.0,0.0,1.0,1.0,0.0,0.22214881452457969,0.0,0.7778511854754203,0.0,1.0,0.0,0.0,0.35512906466368155,-0.5576821894376142,1.063468404260803
232,1,0,0.8060356865919136,0.0,0.0,0.1939643134080864,1.0,0.0,0.0,0.8060356865919136,0.0,0.1939643134080864,0.8060356865919136,0.0,0.1939643134080864,-0.9494114222853125,-0.5511057286684906,-0.3759528683514983
233,1,1,0.0,0.0,0.0,1.0,1.0,0.0,0.3020943233455453,0.0,0.6979056766544547,0.0,1.0,0.0,0.0,0.33836284860223015,-0.5544961317483502,0.9572545161959363
234,1,1,0.0,0.27835789475292017,0.0,0.7216421052470798,1.0,0.0,0.7216421052470798,0.0,0.0,0.27835789475292017,1.0,0.0,0.0,1.3378960531166033,-1.2465890010670464,0.32662782606101753
235,1,0,0.9196547172342537,0.0,0.0,0.08034528276574626,1.0,0.0,0.0,0.9196547172342537,0.0,0.08034528276574626,1.0,0.0,0.0,0.15579095023078693,-1.2061870721791987,-0.6367761004313897
236,1,1,0.0,1.0,0.0,0.0,0.4072112500340459,0.5927887499659541,0.0,0.0,0.0,1.0,1.0,0.0,0.0,0.8856547838074003,-1.2580363319292438,0.0824526189480099
237,1,0,0.0843230553504376,0.0,0.0,0.9156769446495624,1.0,0.0,0.0,0.0843230553504376,0.0,0.9156769446495624,1.0,0.0,0.0,0.42953151168890735,-0.4615421099073361,0.5606648834631174
238,1,1,0.0,0.0,0.0,1.0,1.0,0.0,0.5436762506587866,0.0,0.45632374934121345,0.0,1.0,0.0,0.0,0.28769815399197546,-0.5448683994535035,0.6362939498731133
239,1,0,0.6786554666885389,0.0,0.0,0.32134453331146107,1.0,0.0,0.0,0.6786554666885389,0.0,0.32134453331146107,0.6786554666885389,0.0,0.32134453331146107,-1.0562684212763598,-0.5691647321804402,-0.3255884675973668
240,1,0,0.0,0.0,0.0,1.0,1.0,0.0,0.0,0.0,0.0,1.0,0.24811336906100467,0.0,0.7518866309389953,-1.0878908658869428,-0.6133865422365778,0.11920980830313599
241,0,0,0.0,0.0,0.0,1.0,1.0,0.0,0.6767637379155624,0.0,0.0,0.32323626208443756,1.0,0.0,0.0,0.8564611445764524,0.5296675153869943,0.45288769741107193
242,0,1,0.0,0.0,0.0,1.0,1.0,0.0,0.5508155388095959,0.0,0.0,0.4491844611904041,1.0,0.0,0.0,-0.14034490947148653,-0.2608737421419258,-0.6004186068870621
243,1,1,0.0,0.0,0.0,1.0,1.0,0.0,0.6831635156194962,0.0,0.3168364843805038,0.0,1.0,0.0,0.0,0.9748119484860569,-0.8982166523380569,0.6012333959733128
244,1,0,0.19036621653605346,0.0,0.0,0.8096337834639465,1.0,0.0,0.8096337834639465,0.19036621653605346,0.0,0.0,1.0,0.0,0.0,-0.39050558076030284,-0.777090236679752,-0.9373541995608087
245,0,0,0.0,0.0,0.0,1.0,1.0,0.0,0.0,0.0,0.0,1.0,1.0,0.0,0.0,0.1352804757113612,0.29221761134000646,0.07162291614662936
246,1,1,0.0,1.0,0.0,0.0,1.0,0.0,0.0,0.0,0.0,1.0,1.0,0.0,0.0,1.0908270974669454,-1.3525976516194853,-0.596332620710638
247,1,0,0.0,0.0,0.0,1.0,1.0,0.0,0.7198321658392915,0.0,0.0,0.28016783416070845,1.0,0.0,0.0,0.28992594008710193,-0.5068310405857068,0.20484178910462228
248,1,1,0.0,1.0,0.0,0.0,0.015094146371515405,0.9849058536284846,0.0,0.0,0.0,1.0,1.0,0.0,0.0,0.40488378885150544,-0.9201998618553735,-0.24369506167765276
249,1,1,0.0,0.0,0.0,1.0,1.0,0.0,1.0,0.0,0.0,0.0,1.0,0.0,0.0,-0.13101948635587027,-0.8599813923446588,-0.9105855413937579
250,0,1,0.0,0.0,0.0,1.0,1.0,0.0,0.9901270621402591,0.0,0.0,0.00987293785974086,1.0,0.0,0.0,-0.2938993331256897,-0.824034549113584,-1.0414116675069036
251,1,1,0.0,0.020390638119910043,0.0,0.97960936188009,0.0,1.0,0.0,0.0,0.0,1.0,1.0,0.0,0.0,0.34321494848440126,-1.0022055692001373,0.7224709453848406
252,0,0,0.0,0.0,0.0,1.0,1.0,0.0,0.0,0.0,0.0,1.0,1.0,0.0,0.0,0.2990315337597379,-0.00930264062072822,0.3063577517199128
253,0,1,0.0,0.0,0.0,1.0,0.6399673138296564,0.36003268617034356,0.0,0.0,0.0,1.0,1.0,0.0,0.0,0.15285899039977754,-0.07552270357483493,0.24754712831273773
